Claim_ID,Claim_Amount,Policy_Limit,Claim_Type,Customer_Tenure,Customer_Score,Legal_Cost_Predicted,Litigation_Risk,Churn_Risk,Outcome,Recommended_Action,Actual_Settlement
C100000,20795,30954,Liability,2,0.7,25527,0.25,0.75,Settled,Settle,17157
C100001,5860,99239,Home,5,0.97,15179,0.81,0.03,Settled,Settle,5411
C100002,81820,66514,Liability,3,0.44,20443,0.27,0.56,Won,Settle,76089
C100003,59886,108236,Travel,9,0.23,18524,0.24,0.58,Settled,Settle,42745
C100004,11265,117579,Liability,6,0.7,20173,0.17,0.67,Settled,Settle,10196
C100005,87386,26469,Travel,18,0.82,2016,0.78,0.78,Settled,Settle,61993
C100006,42194,50105,Travel,6,0.55,15374,0.48,0.78,Settled,Settle,33408
C100007,92498,62101,Travel,19,0.97,18848,0.62,0.06,Settled,Mediate,63805
C100008,49131,84323,Travel,12,0.05,22855,0.25,0.66,Settled,Settle,36210
C100009,65263,111922,Travel,11,0.5,20211,0.69,0.52,Lost,Settle,57860
C100010,21023,78067,Home,2,0.72,29604,0.7,0.52,Settled,Settle,14760
C100011,46090,69376,Auto,15,0.86,27095,0.32,0.11,Won,Mediate,25764
C100012,72221,65587,Medical,12,0.18,7956,0.4,0.52,Lost,Settle,61041
C100013,69820,56976,Auto,12,0.8,18473,0.23,0.79,Settled,Settle,61343
C100014,5769,87584,Travel,9,0.55,6815,0.88,0.73,Settled,Settle,5360
C100015,64735,98477,Home,2,0.4,21235,0.6,0.36,Settled,Mediate,48352
C100016,67955,62533,Liability,3,0.13,4843,0.84,0.04,Lost,Settle,58981
C100017,69925,21828,Home,12,0.87,28460,0.31,0.3,Lost,Mediate,44613
C100018,72969,21917,Travel,16,0.16,17972,0.71,0.66,Won,Settle,51101
C100019,10311,40618,Home,1,0.31,27501,0.7,0.56,Settled,Settle,7527
C100020,88104,52254,Home,3,0.29,24927,0.64,0.37,Won,Mediate,60535
C100021,58707,67362,Travel,2,0.87,24285,0.87,0.05,Settled,Settle,51003
C100022,90305,40128,Home,9,0.67,19353,0.38,0.35,Settled,Mediate,58346
C100023,33693,79383,Medical,19,0.8,3094,0.16,0.38,Settled,Litigate,22417
C100024,76932,85545,Medical,15,0.25,8124,0.62,0.74,Settled,Settle,63889
C100025,98016,102180,Home,18,0.62,25731,0.67,0.52,Won,Settle,70428
C100026,30658,107958,Liability,11,0.57,21579,0.54,0.26,Settled,Mediate,17389
C100027,89478,29865,Travel,16,0.83,3404,0.23,0.43,Settled,Litigate,64424
C100028,23431,22219,Medical,17,0.91,29940,0.48,0.06,Settled,Mediate,17660
C100029,7747,59809,Liability,5,0.01,25324,0.32,0.78,Lost,Settle,7155
C100030,64150,25287,Home,12,0.67,22674,0.41,0.29,Won,Mediate,34714
C100031,70725,54387,Liability,11,0.05,5982,0.6,0.39,Settled,Mediate,59874
C100032,89654,28512,Auto,15,0.55,14515,0.68,0.29,Settled,Mediate,51397
C100033,40773,21342,Medical,3,0.29,17790,0.25,0.55,Settled,Settle,28661
C100034,72435,83076,Home,1,0.31,14205,0.39,0.53,Lost,Settle,68766
C100035,61886,39216,Travel,16,0.35,23939,0.28,0.58,Settled,Settle,47668
C100036,71803,113070,Home,2,0.62,26338,0.22,0.22,Settled,Litigate,45523
C100037,36551,99767,Travel,2,0.33,14748,0.72,0.26,Settled,Settle,27200
C100038,16394,117829,Home,3,0.73,23097,0.82,0.11,Settled,Settle,13853
C100039,74092,46614,Liability,8,0.4,5092,0.36,0.53,Won,Settle,68609
C100040,8890,56258,Liability,15,0.07,22543,0.69,0.04,Settled,Mediate,5441
C100041,46606,113789,Liability,7,0.78,24692,0.81,0.48,Settled,Settle,40433
C100042,85038,62078,Auto,6,0.29,28650,0.77,0.7,Settled,Settle,63521
C100043,92313,103524,Travel,9,0.43,25862,0.21,0.71,Settled,Settle,79038
C100044,15627,116573,Liability,1,0.69,26860,0.86,0.36,Lost,Settle,12253
C100045,13792,32219,Auto,8,0.33,15971,0.37,0.37,Settled,Mediate,7915
C100046,78969,20235,Travel,3,0.06,16616,0.34,0.07,Lost,Mediate,48140
C100047,48001,62929,Home,4,0.37,6933,0.1,0.54,Won,Settle,35746
C100048,81552,87444,Auto,15,0.94,6926,0.46,0.66,Settled,Settle,75474
C100049,28897,28567,Medical,6,0.64,27763,0.14,0.2,Settled,Litigate,14407
C100050,73148,90792,Auto,15,0.67,5969,0.26,0.34,Settled,Litigate,30915
C100051,28483,85441,Auto,3,0.63,4965,0.32,0.67,Won,Settle,23131
C100052,53555,104555,Travel,14,0.2,6319,0.74,0.7,Settled,Settle,41780
C100053,22159,93698,Home,14,0.42,10975,0.79,0.2,Settled,Settle,19635
C100054,85077,25415,Medical,4,0.75,9108,0.31,0.44,Settled,Mediate,71458
C100055,40920,56159,Liability,12,0.1,11141,0.78,0.16,Won,Settle,33125
C100056,97067,63925,Liability,17,0.28,22323,0.78,0.09,Settled,Settle,88841
C100057,72121,25951,Auto,7,0.28,18428,0.7,0.73,Settled,Settle,60687
C100058,74479,107388,Travel,9,0.43,3810,0.17,0.66,Settled,Settle,55062
C100059,94475,28007,Travel,3,0.98,22950,0.64,0.61,Settled,Settle,82444
C100060,24457,61832,Liability,13,0.07,12273,0.85,0.05,Won,Settle,20259
C100061,71557,78596,Medical,15,0.52,11021,0.63,0.68,Settled,Settle,61728
C100062,82189,50523,Home,18,0.18,20293,0.33,0.36,Won,Mediate,66687
C100063,83953,108861,Medical,19,0.97,8364,0.48,0.28,Won,Mediate,54918
C100064,57995,106740,Home,1,0.11,4581,0.6,0.44,Settled,Mediate,47289
C100065,45757,35524,Liability,6,0.4,2691,0.48,0.08,Won,Mediate,34900
C100066,14692,39282,Home,2,0.74,2931,0.15,0.61,Settled,Settle,12079
C100067,50758,43930,Travel,14,0.7,15128,0.32,0.47,Settled,Mediate,36095
C100068,77409,20077,Auto,6,0.42,26294,0.73,0.16,Won,Settle,60487
C100069,76211,40611,Auto,14,0.35,16226,0.78,0.16,Settled,Settle,72087
C100070,70697,36984,Liability,4,0.4,15861,0.17,0.16,Won,Litigate,44798
C100071,42065,34060,Travel,8,0.26,17475,0.86,0.06,Settled,Settle,29906
C100072,97093,102985,Medical,3,0.21,24766,0.33,0.47,Lost,Mediate,59645
C100073,37606,104056,Travel,19,0.48,5406,0.61,0.67,Settled,Settle,32184
C100074,16534,63303,Auto,14,0.27,10339,0.69,0.02,Settled,Mediate,8592
C100075,99663,79207,Auto,17,0.29,19416,0.74,0.05,Settled,Settle,70359
C100076,45397,95046,Travel,8,0.66,19695,0.85,0.46,Won,Settle,36885
C100077,96387,49287,Travel,14,0.97,10579,0.32,0.66,Won,Settle,75487
C100078,6016,113709,Auto,6,0.6,5121,0.78,0.27,Settled,Settle,4870
C100079,94789,59711,Medical,16,0.08,20257,0.16,0.29,Lost,Litigate,40886
C100080,60591,31954,Liability,19,0.08,27491,0.65,0.48,Settled,Mediate,33788
C100081,94812,93340,Liability,14,0.95,28454,0.68,0.23,Settled,Mediate,70274
C100082,28247,92101,Travel,19,0.3,25165,0.63,0.03,Lost,Mediate,19210
C100083,29300,91520,Liability,3,0.09,17946,0.26,0.59,Lost,Settle,21976
C100084,79065,107062,Auto,10,0.6,5748,0.79,0.5,Won,Settle,61662
C100085,87798,38574,Auto,19,0.62,2277,0.19,0.47,Lost,Litigate,52319
C100086,14268,29184,Travel,9,0.65,28553,0.1,0.6,Settled,Settle,10245
C100087,91807,39096,Travel,13,0.27,20243,0.66,0.54,Lost,Settle,67649
C100088,17185,87728,Travel,7,0.02,29612,0.45,0.17,Settled,Mediate,9033
C100089,68704,54016,Medical,14,0.97,13563,0.77,0.29,Settled,Settle,62045
C100090,91779,31246,Liability,9,0.25,24313,0.38,0.11,Settled,Mediate,70058
C100091,44099,65558,Travel,19,0.68,8792,0.19,0.11,Settled,Litigate,29839
C100092,13571,38381,Home,15,0.71,23097,0.76,0.54,Settled,Settle,11930
C100093,43044,56455,Home,14,0.61,15918,0.52,0.69,Settled,Settle,37334
C100094,56214,112263,Auto,6,0.31,12374,0.21,0.77,Settled,Settle,46053
C100095,66228,24018,Liability,4,0.27,6675,0.66,0.51,Settled,Settle,56993
C100096,53984,31302,Travel,8,0.6,3170,0.48,0.16,Settled,Mediate,27716
C100097,45774,87506,Home,17,0.87,10681,0.56,0.09,Settled,Mediate,32843
C100098,7568,61157,Liability,9,0.95,12717,0.44,0.65,Settled,Settle,6769
C100099,67592,74917,Auto,1,0.11,27758,0.75,0.47,Won,Settle,55769
C100100,72563,112738,Medical,14,0.15,14450,0.76,0.5,Lost,Settle,57279
C100101,7695,116646,Liability,11,0.94,12680,0.65,0.63,Won,Settle,5920
C100102,53190,103122,Liability,3,0.74,12068,0.14,0.57,Settled,Settle,45780
C100103,10258,44519,Medical,9,0.88,23692,0.76,0.67,Won,Settle,8957
C100104,92538,116809,Liability,14,0.2,4462,0.62,0.05,Settled,Mediate,74478
C100105,44504,107487,Auto,9,0.59,15650,0.64,0.6,Settled,Settle,34961
C100106,38159,76819,Auto,4,0.7,28206,0.36,0.68,Settled,Settle,34054
C100107,18986,100910,Medical,4,0.68,2287,0.8,0.24,Won,Settle,15954
C100108,66858,91324,Travel,8,0.41,24337,0.67,0.52,Settled,Settle,61556
C100109,17666,25408,Home,2,0.02,22666,0.15,0.26,Settled,Litigate,9961
C100110,43660,79379,Travel,9,0.58,20291,0.4,0.77,Settled,Settle,36211
C100111,8561,45053,Liability,14,0.25,3161,0.8,0.04,Lost,Settle,7229
C100112,31854,29446,Home,9,0.45,18513,0.09,0.47,Won,Litigate,21490
C100113,69505,20922,Medical,16,0.96,24721,0.87,0.14,Settled,Settle,65416
C100114,57251,118723,Medical,17,0.4,4363,0.63,0.57,Settled,Settle,41128
C100115,27662,71356,Home,16,0.84,26535,0.59,0.15,Settled,Mediate,14348
C100116,13392,30789,Auto,12,0.19,7983,0.28,0.2,Won,Litigate,10295
C100117,35535,117720,Home,3,0.67,18527,0.26,0.4,Settled,Litigate,20075
C100118,83603,86656,Liability,11,0.98,10207,0.85,0.73,Lost,Settle,71374
C100119,57256,64028,Auto,14,0.1,25853,0.3,0.18,Settled,Mediate,38295
C100120,94135,84484,Medical,18,0.01,16758,0.71,0.12,Won,Settle,68098
C100121,40222,52154,Home,5,0.43,2244,0.38,0.61,Settled,Settle,35878
C100122,82373,102870,Travel,16,0.09,19310,0.17,0.41,Settled,Litigate,55487
C100123,84575,22336,Travel,5,0.75,5178,0.06,0.73,Settled,Settle,65793
C100124,89651,87779,Liability,3,0.91,4176,0.51,0.13,Settled,Mediate,54434
C100125,68335,39029,Travel,12,0.43,7002,0.88,0.52,Settled,Settle,62147
C100126,15965,79201,Home,1,0.26,2886,0.36,0.19,Won,Mediate,8386
C100127,29538,52265,Home,9,0.43,26916,0.35,0.13,Settled,Mediate,23878
C100128,75592,63872,Travel,9,0.72,28627,0.34,0.55,Won,Settle,57764
C100129,13110,66197,Home,4,0.01,21782,0.49,0.48,Won,Mediate,9275
C100130,84309,75180,Liability,3,0.59,15721,0.42,0.61,Settled,Settle,78744
C100131,32266,43710,Auto,17,0.61,14142,0.8,0.25,Won,Settle,28056
C100132,57992,49486,Liability,2,0.64,26881,0.48,0.36,Won,Mediate,37407
C100133,87948,91907,Liability,1,0.24,27483,0.48,0.33,Settled,Mediate,65199
C100134,11910,91895,Home,8,0.71,4654,0.17,0.79,Won,Settle,9361
C100135,95982,84435,Auto,13,0.09,13984,0.89,0.24,Settled,Settle,73840
C100136,5206,60631,Home,15,0.2,25776,0.26,0.24,Settled,Litigate,4156
C100137,92054,40103,Medical,8,0.88,19755,0.11,0.29,Won,Litigate,62172
C100138,92897,84772,Home,12,0.74,9135,0.61,0.46,Settled,Mediate,67410
C100139,28419,34382,Home,12,0.01,2320,0.56,0.21,Settled,Mediate,17743
C100140,55636,104291,Home,14,0.25,6654,0.4,0.73,Settled,Settle,39628
C100141,55015,23756,Auto,15,0.21,23684,0.41,0.22,Won,Mediate,28105
C100142,59268,40609,Home,15,0.27,25145,0.72,0.72,Lost,Settle,49698
C100143,92939,36478,Auto,9,0.25,25238,0.22,0.09,Settled,Litigate,63292
C100144,23141,59666,Travel,19,0.06,23889,0.75,0.53,Won,Settle,19307
C100145,85356,95683,Medical,8,0.46,18131,0.6,0.73,Lost,Settle,77690
C100146,76910,119097,Auto,19,0.73,27707,0.41,0.14,Settled,Mediate,39354
C100147,61044,91315,Travel,6,0.61,12770,0.44,0.77,Settled,Settle,48327
C100148,72214,97834,Auto,19,0.67,8553,0.27,0.37,Won,Litigate,30224
C100149,38827,34153,Auto,4,0.08,22426,0.69,0.76,Won,Settle,31520
C100150,60820,96325,Medical,7,0.95,13559,0.49,0.54,Lost,Settle,43674
C100151,67623,32999,Liability,4,0.84,11009,0.32,0.25,Settled,Mediate,56393
C100152,86734,75318,Liability,12,0.81,15482,0.56,0.16,Settled,Mediate,50144
C100153,80450,20814,Auto,13,0.82,9498,0.9,0.25,Settled,Settle,74864
C100154,98426,96077,Home,3,0.93,8636,0.42,0.08,Settled,Mediate,63884
C100155,27299,110474,Travel,12,0.54,9362,0.83,0.12,Settled,Settle,25835
C100156,48585,22443,Home,2,0.2,18395,0.34,0.09,Won,Mediate,33714
C100157,69044,95993,Home,2,0.62,18578,0.1,0.34,Settled,Litigate,52847
C100158,47557,95916,Auto,9,0.74,4537,0.22,0.64,Won,Settle,33353
C100159,54080,93319,Auto,1,0.74,21226,0.41,0.12,Settled,Mediate,41202
C100160,7693,37368,Auto,8,0.52,17216,0.24,0.11,Settled,Litigate,5781
C100161,74163,35328,Auto,6,0.07,20613,0.05,0.52,Settled,Settle,54504
C100162,30939,76942,Liability,6,0.37,5009,0.83,0.17,Settled,Settle,22400
C100163,53925,111751,Auto,18,0.92,26368,0.77,0.09,Settled,Settle,43471
C100164,47941,119131,Liability,17,0.58,16209,0.68,0.14,Lost,Mediate,39637
C100165,26834,47306,Liability,12,0.54,17675,0.19,0.74,Won,Settle,22422
C100166,23047,105451,Auto,6,0.27,17029,0.15,0.66,Settled,Settle,19171
C100167,31105,59915,Medical,8,0.37,4077,0.11,0.29,Settled,Litigate,11526
C100168,80766,57219,Travel,19,0.9,15907,0.67,0.53,Lost,Settle,56552
C100169,20707,100879,Home,10,0.67,26229,0.84,0.43,Settled,Settle,18688
C100170,26976,84644,Liability,1,0.79,5867,0.42,0.54,Settled,Settle,19473
C100171,49262,80279,Travel,13,0.45,18152,0.15,0.55,Settled,Settle,42289
C100172,28776,73028,Medical,17,0.63,6873,0.49,0.51,Lost,Settle,26722
C100173,35080,20126,Home,3,0.25,10635,0.35,0.22,Settled,Mediate,20101
C100174,71842,72329,Home,8,0.71,2297,0.37,0.04,Settled,Mediate,52649
C100175,66373,47632,Liability,14,0.43,15095,0.58,0.37,Lost,Mediate,35014
C100176,11776,85310,Auto,3,0.44,24240,0.66,0.71,Settled,Settle,10020
C100177,97787,75176,Medical,16,0.65,11036,0.14,0.46,Settled,Litigate,37351
C100178,60016,106066,Liability,13,0.94,3015,0.08,0.67,Settled,Settle,53053
C100179,14474,64327,Medical,17,0.06,3384,0.9,0.79,Lost,Settle,11221
C100180,63053,88904,Auto,13,0.82,27973,0.25,0.14,Settled,Litigate,33524
C100181,26959,23797,Auto,6,0.29,10745,0.1,0.56,Lost,Settle,22911
C100182,10530,67882,Liability,17,0.44,20734,0.21,0.54,Won,Settle,7821
C100183,99856,33718,Auto,14,0.02,19653,0.08,0.78,Settled,Settle,88413
C100184,8748,54560,Travel,17,0.3,3260,0.38,0.79,Lost,Settle,6785
C100185,18545,96589,Home,8,0.5,9701,0.73,0.55,Settled,Settle,16052
C100186,71199,42116,Liability,11,0.06,26760,0.34,0.2,Settled,Mediate,39543
C100187,39766,56244,Medical,1,0.49,22947,0.43,0.64,Settled,Settle,34677
C100188,78530,21645,Travel,7,0.93,25281,0.62,0.09,Settled,Mediate,42788
C100189,98557,67523,Liability,17,0.11,28986,0.48,0.63,Settled,Settle,79470
C100190,66087,39256,Auto,10,0.76,24056,0.78,0.73,Settled,Settle,50345
C100191,73840,73173,Auto,11,0.41,12401,0.79,0.31,Settled,Settle,65503
C100192,59384,57430,Auto,9,0.66,17519,0.06,0.51,Won,Settle,45458
C100193,56005,59282,Auto,9,0.26,23977,0.71,0.35,Settled,Settle,51548
C100194,51576,83374,Medical,5,0.16,13864,0.44,0.36,Lost,Mediate,41886
C100195,44353,88244,Travel,17,0.16,17681,0.89,0.26,Settled,Settle,33225
C100196,67003,31694,Home,9,0.07,24539,0.46,0.61,Settled,Settle,57184
C100197,88211,76264,Medical,17,0.19,7543,0.89,0.75,Settled,Settle,63682
C100198,57733,95060,Medical,19,0.66,25624,0.69,0.75,Settled,Settle,46064
C100199,70318,117416,Home,7,0.88,23067,0.26,0.15,Settled,Litigate,46175
C100200,94474,77545,Home,9,0.81,20265,0.51,0.7,Won,Settle,81706
C100201,28664,59224,Auto,7,0.69,14488,0.89,0.59,Lost,Settle,24541
C100202,72172,117945,Medical,13,0.11,27097,0.78,0.21,Lost,Settle,55618
C100203,90616,33224,Liability,11,0.29,12079,0.13,0.06,Settled,Litigate,44312
C100204,98264,60738,Home,14,0.31,12744,0.65,0.22,Lost,Mediate,52672
C100205,31736,45150,Home,19,0.25,5809,0.34,0.73,Settled,Settle,27919
C100206,99209,83731,Travel,11,0.52,24191,0.06,0.51,Settled,Settle,81943
C100207,5854,69688,Liability,13,0.54,23267,0.39,0.58,Lost,Settle,5135
C100208,95084,119929,Liability,14,0.36,9206,0.25,0.21,Won,Litigate,40360
C100209,43623,93509,Home,13,0.35,22539,0.75,0.58,Settled,Settle,34074
C100210,12392,28577,Auto,1,0.83,23057,0.34,0.03,Settled,Mediate,7645
C100211,60680,28070,Travel,8,0.79,15746,0.75,0.31,Settled,Settle,42866
C100212,51717,28666,Liability,12,0.31,17995,0.05,0.51,Won,Settle,40611
C100213,92092,77761,Home,19,0.91,18035,0.31,0.13,Settled,Mediate,71938
C100214,55859,56368,Liability,12,0.95,13671,0.25,0.66,Lost,Settle,51631
C100215,31309,26783,Travel,8,0.33,15210,0.25,0.2,Settled,Litigate,17505
C100216,92455,61914,Travel,8,0.35,19793,0.11,0.53,Settled,Settle,75246
C100217,68734,90507,Medical,13,0.51,28270,0.21,0.33,Settled,Litigate,21679
C100218,75467,99026,Home,12,0.94,7197,0.52,0.48,Settled,Mediate,60956
C100219,57662,87526,Travel,16,0.88,17553,0.3,0.09,Settled,Mediate,29093
C100220,17688,90835,Medical,1,0.1,9452,0.4,0.02,Won,Mediate,14692
C100221,30342,65765,Medical,13,0.39,10718,0.37,0.73,Lost,Settle,24950
C100222,42157,39956,Liability,7,0.55,16859,0.79,0.22,Lost,Settle,33113
C100223,72863,107895,Liability,5,0.5,29236,0.82,0.66,Won,Settle,67839
C100224,57083,66240,Medical,8,0.19,4172,0.47,0.8,Lost,Settle,40306
C100225,70733,57148,Liability,14,0.86,15158,0.33,0.18,Settled,Mediate,49760
C100226,94045,114270,Travel,13,0.68,18663,0.14,0.22,Won,Litigate,54025
C100227,39698,24757,Auto,15,0.84,29540,0.86,0.53,Settled,Settle,29965
C100228,85623,39097,Travel,17,0.86,22361,0.1,0.77,Settled,Settle,69116
C100229,27671,30395,Medical,15,0.75,21053,0.3,0.73,Settled,Settle,23881
C100230,30184,36241,Medical,18,0.44,13085,0.3,0.41,Settled,Mediate,22773
C100231,98384,47696,Travel,18,0.61,26209,0.32,0.64,Settled,Settle,68886
C100232,47107,90480,Liability,2,0.16,28327,0.19,0.12,Lost,Litigate,36198
C100233,91202,66163,Liability,4,0.67,5981,0.72,0.78,Settled,Settle,67592
C100234,56663,39816,Medical,1,0.18,23153,0.15,0.77,Settled,Settle,42972
C100235,20708,69840,Home,4,0.69,7247,0.59,0.14,Settled,Mediate,12263
C100236,96906,72853,Liability,18,0.23,12553,0.16,0.25,Settled,Litigate,30904
C100237,54811,44917,Travel,5,0.12,22811,0.11,0.09,Settled,Litigate,19815
C100238,7811,116731,Liability,19,0.17,8135,0.82,0.22,Settled,Settle,7393
C100239,61250,41566,Travel,15,0.0,7573,0.21,0.65,Settled,Settle,47701
C100240,77082,95452,Medical,8,0.72,22515,0.75,0.31,Settled,Settle,56179
C100241,39754,82823,Liability,17,0.73,28284,0.51,0.08,Won,Mediate,21365
C100242,16411,40806,Travel,1,0.51,15731,0.12,0.28,Won,Litigate,10826
C100243,7911,95520,Medical,12,0.16,9189,0.86,0.79,Settled,Settle,7227
C100244,72270,21759,Home,19,0.08,16541,0.26,0.51,Settled,Settle,55231
C100245,88763,61949,Travel,15,0.02,12878,0.78,0.34,Settled,Settle,62598
C100246,13680,112374,Home,9,0.17,13087,0.19,0.14,Won,Litigate,5629
C100247,89896,22482,Home,7,0.89,15667,0.78,0.79,Settled,Settle,64197
C100248,88879,44442,Auto,2,0.24,22919,0.06,0.66,Settled,Settle,64512
C100249,76295,53719,Liability,9,0.35,4776,0.49,0.23,Won,Mediate,49670
C100250,93614,78066,Travel,10,0.11,11311,0.7,0.07,Settled,Mediate,54340
C100251,16111,113501,Home,2,0.22,29564,0.84,0.05,Settled,Settle,13355
C100252,42504,22079,Auto,19,0.52,9697,0.82,0.11,Settled,Settle,32446
C100253,6802,22717,Medical,11,0.61,16629,0.75,0.47,Lost,Settle,6360
C100254,13155,79676,Travel,13,0.25,10386,0.8,0.74,Lost,Settle,12187
C100255,78656,47952,Home,10,0.06,19046,0.22,0.4,Won,Litigate,45888
C100256,44384,106444,Liability,14,0.39,27055,0.29,0.68,Settled,Settle,35001
C100257,52254,62460,Auto,18,0.23,10044,0.3,0.36,Settled,Mediate,33097
C100258,26918,110397,Home,19,0.22,22602,0.37,0.57,Lost,Settle,21614
C100259,90981,92847,Liability,9,0.96,11615,0.38,0.59,Lost,Settle,80235
C100260,65713,113607,Home,7,0.62,17034,0.51,0.15,Settled,Mediate,43243
C100261,35306,109106,Travel,3,0.56,7060,0.19,0.3,Won,Litigate,25715
C100262,21646,38449,Travel,6,0.42,12900,0.64,0.51,Settled,Settle,20261
C100263,51843,53536,Travel,2,0.43,29751,0.19,0.07,Settled,Litigate,24261
C100264,95735,84077,Auto,6,0.54,24258,0.31,0.3,Won,Mediate,66654
C100265,21371,58258,Travel,3,0.7,7581,0.48,0.43,Settled,Mediate,11396
C100266,82371,68302,Liability,16,0.7,4014,0.73,0.8,Lost,Settle,61787
C100267,7049,48865,Home,8,0.17,22173,0.68,0.38,Settled,Mediate,4544
C100268,36616,26645,Medical,2,0.5,14997,0.6,0.65,Settled,Settle,27518
C100269,25932,58000,Liability,17,0.41,12635,0.18,0.35,Lost,Litigate,19145
C100270,34855,46737,Liability,9,0.87,27487,0.51,0.64,Lost,Settle,25777
C100271,66434,31485,Travel,12,0.63,15648,0.12,0.48,Settled,Litigate,35065
C100272,77694,58565,Auto,3,0.53,9148,0.37,0.71,Settled,Settle,66150
C100273,48016,45522,Home,11,0.12,26150,0.4,0.33,Won,Mediate,35635
C100274,12400,85155,Auto,1,0.61,29789,0.08,0.49,Settled,Litigate,6095
C100275,47642,75168,Home,13,0.12,20748,0.28,0.51,Lost,Settle,43700
C100276,20151,72487,Home,15,0.34,16022,0.86,0.34,Lost,Settle,16968
C100277,56407,32342,Auto,5,0.14,22013,0.86,0.12,Settled,Settle,45682
C100278,71690,60806,Liability,17,0.69,7919,0.35,0.08,Settled,Mediate,37532
C100279,9499,68770,Home,6,0.21,17886,0.09,0.02,Settled,Litigate,5056
C100280,11295,98623,Auto,11,0.39,24059,0.2,0.7,Lost,Settle,10224
C100281,64040,119785,Home,18,0.9,27256,0.38,0.2,Settled,Mediate,45794
C100282,17183,95629,Medical,4,0.2,8638,0.86,0.18,Settled,Settle,15602
C100283,34299,72603,Liability,3,0.51,6651,0.17,0.59,Settled,Settle,28245
C100284,17874,101974,Travel,13,0.42,2609,0.7,0.26,Settled,Mediate,9678
C100285,37711,46399,Home,9,0.02,9940,0.14,0.41,Settled,Litigate,11570
C100286,10539,105382,Medical,6,0.79,12348,0.88,0.14,Settled,Settle,8176
C100287,58351,101244,Travel,12,0.07,5866,0.37,0.77,Lost,Settle,51027
C100288,66267,96534,Travel,2,0.47,18755,0.71,0.68,Lost,Settle,59478
C100289,53354,75106,Home,3,0.56,25382,0.34,0.69,Won,Settle,41292
C100290,7557,50678,Auto,3,0.63,18999,0.58,0.33,Settled,Mediate,5089
C100291,43360,96218,Home,12,0.69,25295,0.21,0.61,Settled,Settle,34916
C100292,87018,83230,Medical,15,0.25,24394,0.17,0.12,Won,Litigate,43966
C100293,7200,94055,Travel,9,0.01,4253,0.85,0.02,Settled,Settle,5456
C100294,73497,76373,Home,8,0.72,6942,0.83,0.03,Lost,Settle,53953
C100295,51975,51480,Auto,11,0.54,14330,0.8,0.47,Won,Settle,38938
C100296,26357,105230,Home,16,0.84,2864,0.58,0.37,Settled,Mediate,13688
C100297,82505,88836,Liability,4,0.82,3268,0.74,0.42,Lost,Settle,61840
C100298,7869,92258,Auto,1,0.84,9454,0.11,0.02,Lost,Litigate,2396
C100299,66135,59986,Medical,7,0.49,15666,0.33,0.34,Settled,Mediate,47586
C100300,55108,44160,Travel,2,0.33,27360,0.32,0.58,Settled,Settle,42934
C100301,99179,105595,Home,5,0.79,22955,0.59,0.36,Settled,Mediate,83369
C100302,95272,99111,Auto,7,0.45,14370,0.35,0.59,Settled,Settle,71304
C100303,43467,84929,Liability,4,0.18,7229,0.18,0.19,Settled,Litigate,20556
C100304,28328,93506,Auto,5,0.85,18309,0.56,0.65,Settled,Settle,22363
C100305,96412,54911,Liability,1,0.88,20621,0.74,0.47,Lost,Settle,67692
C100306,91831,107127,Medical,1,0.47,6054,0.37,0.18,Settled,Mediate,72888
C100307,8987,51821,Travel,15,0.08,2935,0.16,0.2,Settled,Litigate,2839
C100308,63871,95039,Medical,19,0.39,14172,0.22,0.51,Won,Settle,59722
C100309,27399,80535,Home,10,0.8,24778,0.25,0.67,Settled,Settle,25289
C100310,51214,104458,Auto,18,0.9,26275,0.3,0.34,Lost,Mediate,35206
C100311,91416,32175,Liability,3,0.2,12530,0.6,0.21,Settled,Mediate,63100
C100312,75271,74771,Liability,11,0.07,17560,0.56,0.69,Settled,Settle,64992
C100313,49064,106925,Auto,15,0.88,18156,0.64,0.54,Settled,Settle,39092
C100314,75091,86358,Auto,11,0.39,18709,0.36,0.36,Won,Mediate,54555
C100315,45818,37327,Home,17,0.54,11726,0.75,0.4,Settled,Settle,32585
C100316,50525,67057,Medical,17,0.97,9774,0.22,0.17,Won,Litigate,16522
C100317,24830,26150,Liability,6,0.07,22245,0.45,0.51,Settled,Settle,20219
C100318,22429,24425,Home,5,0.65,3985,0.73,0.29,Settled,Settle,18782
C100319,11893,36032,Medical,8,0.07,16252,0.2,0.8,Settled,Settle,10964
C100320,84909,22198,Home,2,0.38,23316,0.14,0.39,Lost,Litigate,29916
C100321,52333,80500,Liability,16,0.8,6603,0.8,0.39,Lost,Settle,47396
C100322,8436,73394,Auto,12,0.43,21162,0.34,0.46,Settled,Mediate,4838
C100323,79290,40079,Auto,6,1.0,17960,0.63,0.73,Settled,Settle,63314
C100324,81213,56220,Medical,1,0.56,11462,0.07,0.64,Settled,Settle,63277
C100325,10895,61874,Travel,4,0.32,27216,0.64,0.37,Settled,Mediate,6973
C100326,24738,33859,Medical,17,0.22,16166,0.32,0.58,Settled,Settle,18247
C100327,35746,70460,Travel,13,0.35,9754,0.1,0.47,Lost,Litigate,19724
C100328,54377,51419,Home,18,0.37,16246,0.57,0.4,Lost,Mediate,42445
C100329,53404,28705,Home,5,0.07,6078,0.25,0.16,Settled,Litigate,27811
C100330,59045,62880,Liability,3,0.37,14853,0.38,0.38,Settled,Mediate,39661
C100331,44790,43236,Travel,11,0.46,19751,0.12,0.2,Lost,Litigate,32445
C100332,10600,107955,Liability,13,0.72,6042,0.18,0.73,Won,Settle,9291
C100333,99660,105514,Auto,4,0.66,18284,0.3,0.27,Settled,Mediate,66937
C100334,98179,35358,Travel,14,0.71,16389,0.13,0.76,Settled,Settle,75050
C100335,45764,119713,Medical,11,0.01,4575,0.82,0.43,Settled,Settle,42159
C100336,79543,114914,Auto,10,0.22,8754,0.06,0.51,Settled,Settle,67154
C100337,50714,96918,Auto,19,0.66,19965,0.46,0.44,Settled,Mediate,29282
C100338,61835,34596,Medical,18,0.48,3986,0.15,0.11,Settled,Litigate,26871
C100339,78744,53572,Auto,6,0.01,20624,0.31,0.31,Won,Mediate,61506
C100340,61491,98757,Travel,15,0.8,22350,0.84,0.09,Settled,Settle,43722
C100341,23589,21279,Liability,10,0.77,28681,0.19,0.5,Settled,Litigate,18777
C100342,48484,83197,Auto,5,0.55,25988,0.87,0.36,Settled,Settle,35518
C100343,87989,82516,Travel,5,0.07,17470,0.22,0.62,Won,Settle,79103
C100344,41212,27083,Home,10,0.77,26704,0.68,0.18,Lost,Mediate,26300
C100345,48525,37771,Travel,5,0.58,7968,0.51,0.14,Settled,Mediate,32622
C100346,52202,49975,Liability,3,0.78,27427,0.8,0.33,Settled,Settle,48034
C100347,37635,65648,Travel,6,0.75,9493,0.52,0.74,Lost,Settle,30229
C100348,68208,68285,Medical,4,0.8,6103,0.5,0.57,Settled,Settle,56910
C100349,38828,39063,Liability,18,0.52,4076,0.22,0.34,Settled,Litigate,12605
C100350,23711,87642,Home,9,0.14,23615,0.19,0.42,Settled,Litigate,7141
C100351,8420,110093,Medical,17,0.67,4994,0.83,0.08,Settled,Settle,6409
C100352,5301,106143,Travel,13,0.62,5744,0.33,0.79,Settled,Settle,4612
C100353,50236,57599,Liability,15,0.74,16466,0.37,0.54,Lost,Settle,36688
C100354,71235,71920,Home,17,0.17,16523,0.7,0.24,Won,Mediate,38453
C100355,59240,48529,Medical,13,0.19,29332,0.34,0.47,Settled,Mediate,38140
C100356,70726,55954,Home,16,0.89,7594,0.86,0.1,Lost,Settle,60962
C100357,15492,47856,Travel,4,0.75,9531,0.68,0.77,Settled,Settle,13602
C100358,11102,22573,Home,5,0.91,9371,0.56,0.15,Settled,Mediate,6244
C100359,55336,98344,Auto,5,0.76,16547,0.8,0.52,Settled,Settle,39836
C100360,90314,55367,Medical,9,0.6,20028,0.09,0.2,Won,Litigate,69559
C100361,31641,119608,Home,17,0.65,5144,0.27,0.58,Settled,Settle,24210
C100362,39584,80774,Travel,13,0.89,15990,0.45,0.62,Settled,Settle,36153
C100363,37745,43752,Travel,2,0.58,16083,0.24,0.54,Won,Settle,34569
C100364,28093,75029,Home,13,0.63,18626,0.68,0.5,Won,Mediate,21642
C100365,71105,37685,Travel,19,0.16,22469,0.83,0.72,Won,Settle,52774
C100366,56885,71693,Liability,3,0.47,9954,0.41,0.07,Settled,Mediate,44804
C100367,41631,75961,Liability,10,0.72,9269,0.34,0.27,Settled,Mediate,32024
C100368,77991,96908,Liability,2,0.27,9130,0.87,0.21,Settled,Settle,66228
C100369,9014,94532,Auto,13,0.2,8828,0.43,0.79,Settled,Settle,7069
C100370,16093,101994,Home,19,0.31,26746,0.47,0.32,Lost,Mediate,9525
C100371,23070,76133,Auto,17,0.24,10844,0.35,0.59,Settled,Settle,16851
C100372,40777,117425,Travel,14,0.21,16220,0.82,0.55,Settled,Settle,33740
C100373,61958,81268,Auto,12,0.42,8331,0.53,0.18,Won,Mediate,43670
C100374,87074,112201,Travel,12,0.91,21896,0.7,0.2,Settled,Mediate,54488
C100375,15729,58243,Travel,11,0.51,15397,0.74,0.23,Settled,Settle,12879
C100376,50017,77384,Medical,7,0.19,19883,0.34,0.33,Won,Mediate,31372
C100377,71320,51653,Liability,4,0.08,12291,0.42,0.2,Lost,Mediate,51660
C100378,32751,46657,Travel,19,0.7,20542,0.77,0.03,Won,Settle,30304
C100379,83069,59952,Medical,1,0.38,12164,0.36,0.7,Settled,Settle,61552
C100380,59748,42180,Liability,3,0.82,23546,0.72,0.77,Settled,Settle,47520
C100381,10801,117432,Travel,13,0.66,12450,0.85,0.28,Won,Settle,7941
C100382,24190,98411,Travel,15,0.8,22423,0.58,0.28,Settled,Mediate,17386
C100383,54689,21622,Auto,2,0.27,4035,0.68,0.02,Settled,Mediate,41295
C100384,55993,68756,Auto,11,0.69,13463,0.73,0.55,Lost,Settle,52240
C100385,34592,60809,Liability,4,0.26,9977,0.77,0.66,Settled,Settle,26626
C100386,15647,36725,Travel,19,0.94,19241,0.39,0.13,Won,Mediate,13027
C100387,13716,81396,Home,17,0.64,22207,0.09,0.14,Settled,Litigate,4548
C100388,93891,71226,Auto,3,0.32,25154,0.39,0.63,Settled,Settle,79878
C100389,92545,101182,Liability,18,0.27,27625,0.62,0.5,Settled,Mediate,48123
C100390,94912,102565,Travel,8,0.19,14182,0.43,0.05,Won,Mediate,77146
C100391,75316,49402,Travel,19,0.69,2298,0.69,0.5,Settled,Mediate,51624
C100392,7368,24263,Home,5,0.22,25628,0.35,0.25,Settled,Mediate,5410
C100393,82575,116523,Liability,7,0.6,2923,0.59,0.3,Won,Mediate,65321
C100394,11655,66828,Travel,8,0.26,22616,0.21,0.62,Won,Settle,8596
C100395,75031,67924,Auto,5,0.66,15331,0.69,0.65,Lost,Settle,53245
C100396,81429,94182,Home,17,0.81,22690,0.51,0.33,Settled,Mediate,65762
C100397,96083,113065,Liability,5,0.78,21183,0.22,0.76,Settled,Settle,74823
C100398,92922,79052,Home,4,0.76,8578,0.3,0.33,Lost,Mediate,50655
C100399,60766,31664,Auto,19,0.19,6875,0.69,0.62,Won,Settle,49652
C100400,18403,55737,Liability,2,0.09,23710,0.46,0.39,Settled,Mediate,13055
C100401,37097,109563,Home,11,0.7,14254,0.23,0.72,Settled,Settle,26255
C100402,83657,49373,Medical,13,0.37,24966,0.87,0.73,Won,Settle,64309
C100403,15966,56397,Auto,15,0.43,20186,0.66,0.08,Settled,Mediate,8166
C100404,98848,106145,Auto,12,0.03,12905,0.86,0.75,Won,Settle,79580
C100405,57921,58709,Auto,11,0.26,15353,0.41,0.66,Settled,Settle,53505
C100406,54726,81120,Medical,7,0.03,17882,0.45,0.64,Settled,Settle,51752
C100407,55300,39250,Medical,5,0.88,29429,0.81,0.17,Won,Settle,47517
C100408,27677,41172,Travel,17,0.24,21041,0.5,0.65,Settled,Settle,20492
C100409,60609,31555,Home,9,0.56,21730,0.65,0.68,Settled,Settle,56151
C100410,61661,107410,Travel,14,0.04,11663,0.26,0.24,Settled,Litigate,34414
C100411,36024,98617,Home,12,0.67,21333,0.43,0.76,Settled,Settle,26601
C100412,75313,73276,Medical,6,0.32,2941,0.15,0.05,Won,Litigate,57302
C100413,58006,77492,Medical,17,0.9,3907,0.23,0.13,Won,Litigate,39370
C100414,20338,73002,Travel,19,0.89,6837,0.05,0.43,Won,Litigate,13542
C100415,73027,109599,Liability,19,0.33,15680,0.08,0.46,Settled,Litigate,47802
C100416,97772,92355,Travel,16,0.9,26489,0.88,0.52,Settled,Settle,73337
C100417,85135,111248,Home,12,1.0,19627,0.26,0.02,Settled,Litigate,34522
C100418,24508,44762,Travel,12,0.83,7696,0.61,0.77,Lost,Settle,21372
C100419,8051,31046,Auto,6,0.84,18226,0.76,0.05,Won,Settle,6077
C100420,53747,116999,Home,4,0.25,15543,0.52,0.12,Won,Mediate,35125
C100421,92142,48769,Home,6,0.58,14615,0.18,0.02,Settled,Litigate,63670
C100422,92235,73302,Liability,11,0.07,3466,0.67,0.46,Settled,Mediate,71425
C100423,59021,43150,Medical,1,0.09,22341,0.56,0.75,Settled,Settle,48002
C100424,71412,88247,Home,15,1.0,20350,0.67,0.54,Settled,Settle,64131
C100425,63335,24853,Medical,11,0.33,2375,0.7,0.66,Settled,Settle,57613
C100426,61179,114613,Travel,19,0.75,2262,0.88,0.02,Lost,Settle,52839
C100427,37093,109399,Auto,18,0.81,22746,0.54,0.44,Settled,Mediate,21512
C100428,74678,41792,Liability,17,0.86,24886,0.34,0.37,Settled,Mediate,44500
C100429,85738,79129,Medical,19,1.0,13580,0.6,0.4,Settled,Mediate,52316
C100430,44734,94478,Home,14,0.24,29971,0.11,0.07,Lost,Litigate,16032
C100431,77615,87298,Medical,18,0.04,12136,0.81,0.55,Settled,Settle,59630
C100432,78523,51987,Home,19,0.41,9833,0.15,0.41,Won,Litigate,31782
C100433,99476,35850,Medical,15,0.13,3893,0.33,0.61,Lost,Settle,80956
C100434,22019,32112,Home,15,0.02,10106,0.74,0.39,Settled,Settle,20414
C100435,88613,44058,Travel,4,0.36,13826,0.56,0.13,Won,Mediate,47546
C100436,96794,65420,Home,7,0.78,3652,0.38,0.52,Settled,Settle,85185
C100437,91672,58890,Home,13,0.57,23924,0.45,0.15,Settled,Mediate,67887
C100438,78847,86017,Auto,3,0.31,22276,0.78,0.7,Won,Settle,57080
C100439,87750,67304,Home,16,0.65,2599,0.34,0.49,Won,Mediate,72209
C100440,84634,52921,Auto,9,0.23,23199,0.79,0.13,Settled,Settle,71271
C100441,33251,21524,Liability,8,0.01,20296,0.12,0.77,Settled,Settle,26299
C100442,30945,35048,Auto,13,0.76,27868,0.71,0.42,Settled,Settle,27514
C100443,95852,55111,Travel,17,0.62,10792,0.77,0.07,Settled,Settle,73263
C100444,37217,57904,Auto,17,0.76,26956,0.2,0.51,Settled,Settle,32504
C100445,13308,74912,Liability,17,0.04,22597,0.42,0.21,Settled,Mediate,6838
C100446,10949,54008,Travel,1,0.84,5637,0.19,0.64,Settled,Settle,9961
C100447,56990,20060,Medical,8,0.62,12355,0.65,0.66,Won,Settle,46278
C100448,6150,94666,Medical,19,0.56,17989,0.51,0.78,Settled,Settle,5283
C100449,94480,103559,Auto,6,0.62,11290,0.59,0.41,Settled,Mediate,54555
C100450,79740,75337,Auto,3,0.86,7599,0.22,0.37,Settled,Litigate,50916
C100451,71617,33350,Liability,5,0.59,24832,0.23,0.61,Lost,Settle,63958
C100452,99841,44354,Liability,13,0.58,16342,0.09,0.11,Settled,Litigate,53575
C100453,21896,65186,Home,15,0.99,26941,0.32,0.44,Settled,Mediate,15682
C100454,51175,48145,Liability,14,0.76,15945,0.53,0.44,Settled,Mediate,33760
C100455,12805,54020,Home,16,0.44,12762,0.78,0.08,Won,Settle,11825
C100456,10237,106123,Travel,18,0.71,29995,0.62,0.34,Settled,Mediate,6902
C100457,25056,95186,Auto,11,0.39,16312,0.42,0.68,Won,Settle,22812
C100458,50543,105469,Travel,3,0.23,9382,0.86,0.69,Lost,Settle,45505
C100459,61556,40581,Liability,10,0.6,29052,0.66,0.09,Won,Mediate,39622
C100460,8343,108929,Travel,10,0.93,10982,0.84,0.08,Won,Settle,6319
C100461,18500,43051,Travel,16,0.93,21953,0.5,0.22,Settled,Mediate,11879
C100462,58222,71474,Travel,12,0.34,9707,0.27,0.7,Settled,Settle,52781
C100463,34375,111748,Liability,2,0.53,19130,0.09,0.11,Lost,Litigate,14224
C100464,14662,89626,Travel,9,0.21,26888,0.67,0.58,Settled,Settle,12185
C100465,21964,26960,Home,3,1.0,6633,0.15,0.09,Settled,Litigate,15441
C100466,64638,55772,Liability,15,0.98,19304,0.31,0.5,Won,Mediate,40315
C100467,78666,41520,Travel,3,0.65,11269,0.5,0.29,Settled,Mediate,57015
C100468,90067,69481,Liability,19,0.8,15778,0.53,0.63,Settled,Settle,68577
C100469,72215,56408,Medical,18,0.72,9008,0.56,0.19,Settled,Mediate,38869
C100470,74042,114006,Home,8,0.59,17523,0.19,0.51,Settled,Settle,66533
C100471,18284,77134,Travel,17,0.05,29405,0.37,0.2,Won,Mediate,9775
C100472,77789,40491,Medical,8,0.45,20765,0.57,0.57,Settled,Settle,59729
C100473,89664,21341,Medical,7,0.67,5618,0.87,0.7,Settled,Settle,81932
C100474,98468,64623,Liability,7,0.68,27373,0.67,0.11,Settled,Mediate,61174
C100475,66389,110327,Medical,3,0.37,22827,0.83,0.69,Won,Settle,62622
C100476,14435,20338,Home,1,0.94,2272,0.7,0.48,Won,Mediate,12167
C100477,59340,91431,Home,4,0.17,29586,0.55,0.11,Settled,Mediate,35241
C100478,49078,32254,Auto,5,0.5,15007,0.21,0.35,Won,Litigate,15728
C100479,83832,71860,Home,1,0.69,20157,0.62,0.14,Settled,Mediate,62603
C100480,56293,31344,Medical,15,0.7,4547,0.58,0.56,Lost,Settle,45751
C100481,83781,21750,Home,5,0.65,5164,0.56,0.61,Settled,Settle,60756
C100482,65403,74756,Liability,13,0.28,23164,0.47,0.09,Won,Mediate,48897
C100483,34124,87957,Auto,8,0.16,16414,0.5,0.41,Settled,Mediate,17434
C100484,48919,78053,Medical,8,0.64,16327,0.33,0.65,Settled,Settle,44885
C100485,40247,90855,Auto,5,0.6,17576,0.49,0.75,Settled,Settle,29567
C100486,99758,35896,Medical,9,0.18,2946,0.22,0.42,Lost,Litigate,36277
C100487,96747,75761,Liability,1,0.71,16693,0.73,0.76,Settled,Settle,71971
C100488,67752,82552,Auto,4,0.46,29241,0.21,0.43,Lost,Litigate,52855
C100489,61573,97454,Travel,3,0.67,18890,0.12,0.32,Settled,Litigate,39812
C100490,64101,110600,Medical,2,0.84,17540,0.42,0.68,Settled,Settle,57712
C100491,31646,47935,Travel,8,0.17,8719,0.61,0.4,Settled,Mediate,20227
C100492,28049,57641,Auto,9,0.02,10435,0.42,0.38,Won,Mediate,17326
C100493,84605,49711,Travel,2,0.78,27081,0.29,0.4,Settled,Litigate,35300
C100494,73385,90342,Travel,14,0.61,13350,0.52,0.68,Lost,Settle,60187
C100495,45158,32182,Auto,14,0.7,24744,0.34,0.67,Lost,Settle,37840
C100496,70417,107833,Liability,4,0.84,26041,0.84,0.33,Lost,Settle,60413
C100497,28289,76276,Travel,6,0.8,5590,0.83,0.27,Settled,Settle,21620
C100498,14823,39541,Travel,11,0.96,12064,0.48,0.4,Won,Mediate,12333
C100499,65160,114457,Liability,3,0.54,19576,0.33,0.46,Won,Mediate,36451
C100500,46975,102310,Travel,8,0.49,19848,0.68,0.2,Settled,Mediate,39364
C100501,14540,64813,Travel,3,0.4,2390,0.08,0.64,Won,Settle,10232
C100502,21364,57198,Travel,14,0.15,23999,0.45,0.39,Settled,Mediate,14279
C100503,9611,28820,Home,13,0.57,14668,0.34,0.27,Settled,Mediate,5926
C100504,32663,44070,Liability,13,0.28,13569,0.83,0.09,Settled,Settle,26531
C100505,56991,89768,Travel,2,0.92,15029,0.06,0.2,Settled,Litigate,33358
C100506,62679,31122,Liability,13,0.58,24490,0.52,0.76,Settled,Settle,50700
C100507,35977,100559,Medical,19,0.59,15107,0.68,0.25,Settled,Mediate,23212
C100508,99704,93543,Medical,6,0.35,27248,0.46,0.14,Won,Mediate,75421
C100509,54115,103441,Travel,16,0.05,4560,0.12,0.37,Settled,Litigate,34792
C100510,96007,61786,Liability,2,0.03,7867,0.88,0.25,Settled,Settle,87204
C100511,93223,114934,Liability,8,0.42,17284,0.49,0.04,Settled,Mediate,54767
C100512,65890,119804,Liability,17,0.08,3211,0.57,0.27,Settled,Mediate,47001
C100513,71387,26737,Home,2,0.61,11121,0.25,0.44,Won,Litigate,42303
C100514,23071,56062,Medical,10,0.88,3539,0.46,0.45,Settled,Mediate,14521
C100515,64275,74237,Liability,16,0.88,27488,0.41,0.29,Won,Mediate,43071
C100516,77369,71571,Liability,6,0.66,19027,0.11,0.36,Settled,Litigate,35349
C100517,16938,45510,Home,2,0.21,10693,0.14,0.77,Won,Settle,12457
C100518,40195,39426,Home,2,0.86,10921,0.76,0.31,Settled,Settle,30284
C100519,96680,57265,Liability,13,0.89,19667,0.25,0.21,Settled,Litigate,34104
C100520,9000,37850,Auto,15,0.2,26064,0.22,0.2,Won,Litigate,5773
C100521,75588,86150,Liability,2,0.74,12310,0.48,0.37,Settled,Mediate,55274
C100522,98610,107312,Liability,7,0.29,25729,0.7,0.61,Won,Settle,92461
C100523,43304,109613,Home,3,0.8,14744,0.1,0.17,Won,Litigate,28790
C100524,74449,94910,Home,8,1.0,6386,0.54,0.57,Settled,Settle,53082
C100525,87986,72375,Liability,14,0.03,19303,0.15,0.03,Settled,Litigate,65296
C100526,94643,55435,Liability,7,0.9,14242,0.08,0.34,Settled,Litigate,69215
C100527,25764,116443,Liability,7,0.62,20723,0.09,0.62,Lost,Settle,20890
C100528,91027,77132,Home,1,0.97,16257,0.76,0.28,Won,Settle,77051
C100529,43494,98945,Liability,17,0.47,10947,0.15,0.46,Settled,Litigate,34274
C100530,8373,102050,Liability,9,0.85,15946,0.09,0.17,Settled,Litigate,4740
C100531,17161,115402,Travel,13,0.06,7930,0.42,0.6,Settled,Settle,15896
C100532,97658,22983,Auto,19,0.34,7402,0.77,0.05,Won,Settle,70387
C100533,32350,117241,Medical,19,0.07,24047,0.27,0.68,Settled,Settle,24190
C100534,98008,40662,Auto,17,0.98,28445,0.41,0.17,Settled,Mediate,64123
C100535,99297,43510,Travel,10,0.82,18017,0.08,0.7,Lost,Settle,84024
C100536,30351,98187,Medical,10,0.85,23659,0.43,0.29,Settled,Mediate,23846
C100537,93668,60998,Liability,4,0.94,2507,0.54,0.58,Settled,Settle,88709
C100538,20305,76846,Travel,8,0.09,3436,0.54,0.26,Lost,Mediate,12915
C100539,80353,114071,Liability,18,0.39,29151,0.33,0.73,Won,Settle,57199
C100540,81797,26640,Home,14,0.07,13618,0.32,0.11,Settled,Mediate,63835
C100541,70953,64547,Travel,18,0.21,10750,0.14,0.15,Settled,Litigate,42727
C100542,62458,74620,Home,14,0.23,18122,0.36,0.4,Settled,Mediate,35569
C100543,25358,35317,Travel,15,0.47,9354,0.13,0.07,Settled,Litigate,13881
C100544,8267,27564,Travel,4,0.27,13294,0.7,0.16,Lost,Mediate,6281
C100545,87745,47345,Home,13,0.1,22900,0.87,0.76,Settled,Settle,78321
C100546,94588,114223,Medical,8,0.17,15840,0.87,0.78,Won,Settle,78026
C100547,43513,99273,Auto,18,0.15,22006,0.79,0.31,Lost,Settle,33779
C100548,31092,94859,Liability,12,0.97,6399,0.56,0.74,Settled,Settle,29333
C100549,16338,100765,Travel,14,0.76,7037,0.65,0.44,Settled,Mediate,11962
C100550,5412,94038,Liability,2,0.97,26495,0.29,0.22,Settled,Litigate,2728
C100551,12543,72393,Home,18,0.44,17848,0.59,0.56,Lost,Settle,9659
C100552,38496,86081,Liability,2,0.28,5715,0.44,0.53,Won,Settle,33983
C100553,65692,49430,Home,11,0.8,16877,0.46,0.79,Settled,Settle,49961
C100554,94084,95532,Liability,9,0.33,9837,0.69,0.22,Won,Mediate,52696
C100555,97920,47788,Auto,12,0.3,3301,0.29,0.54,Settled,Settle,81514
C100556,49425,115505,Auto,17,0.23,9370,0.32,0.05,Lost,Mediate,29728
C100557,43756,68543,Auto,15,0.13,23569,0.84,0.1,Settled,Settle,37508
C100558,23888,33919,Auto,17,0.26,20539,0.1,0.01,Settled,Litigate,8575
C100559,40735,89346,Auto,18,0.36,8411,0.46,0.8,Lost,Settle,35184
C100560,52295,116122,Auto,6,0.67,8365,0.83,0.64,Settled,Settle,40310
C100561,88042,59974,Home,17,0.06,17449,0.57,0.63,Settled,Settle,61634
C100562,90999,36371,Travel,18,0.21,2692,0.51,0.41,Settled,Mediate,49542
C100563,22955,65084,Liability,8,0.81,3478,0.26,0.25,Settled,Litigate,17602
C100564,42841,49629,Auto,9,0.15,8396,0.34,0.13,Settled,Mediate,34425
C100565,75640,71184,Home,6,0.34,10448,0.77,0.23,Lost,Settle,57365
C100566,70510,81916,Home,5,0.86,12622,0.53,0.31,Settled,Mediate,54464
C100567,39911,93972,Home,12,0.15,18825,0.49,0.61,Settled,Settle,34009
C100568,64031,82187,Travel,11,0.08,12073,0.13,0.44,Won,Litigate,50293
C100569,93726,32984,Liability,1,0.48,4646,0.06,0.07,Settled,Litigate,45626
C100570,12357,53039,Travel,11,0.3,7209,0.87,0.02,Settled,Settle,10755
C100571,37479,105431,Medical,19,0.56,8533,0.37,0.09,Won,Mediate,19572
C100572,66476,103691,Home,9,0.8,23061,0.56,0.33,Lost,Mediate,42457
C100573,49811,78606,Medical,2,0.14,9211,0.12,0.75,Won,Settle,46869
C100574,41208,30616,Auto,12,0.58,11927,0.63,0.51,Won,Settle,34398
C100575,25150,70072,Auto,4,0.51,13927,0.84,0.64,Settled,Settle,19415
C100576,76180,44574,Travel,4,0.14,21029,0.54,0.38,Lost,Mediate,41296
C100577,48286,23430,Liability,18,0.62,26594,0.16,0.3,Settled,Litigate,31471
C100578,73450,32676,Medical,15,0.27,11316,0.54,0.1,Won,Mediate,53302
C100579,26352,30816,Liability,19,0.49,14177,0.7,0.7,Settled,Settle,20909
C100580,60069,52733,Travel,13,0.08,12846,0.4,0.63,Lost,Settle,56328
C100581,19397,105680,Auto,19,0.46,9933,0.8,0.14,Won,Settle,13685
C100582,46555,22050,Liability,17,0.31,7476,0.6,0.41,Won,Mediate,28226
C100583,51959,53933,Liability,6,0.82,15853,0.81,0.4,Settled,Settle,48335
C100584,5728,44951,Auto,16,0.06,9928,0.58,0.5,Settled,Mediate,3507
C100585,55517,52413,Medical,12,0.42,4080,0.16,0.76,Won,Settle,42362
C100586,71234,54801,Auto,19,0.46,8089,0.31,0.47,Won,Mediate,48936
C100587,44954,75619,Liability,5,0.73,25780,0.22,0.44,Settled,Litigate,32002
C100588,52280,52913,Medical,17,0.57,28123,0.82,0.05,Lost,Settle,37944
C100589,84459,60600,Medical,1,0.67,9797,0.7,0.06,Lost,Mediate,70105
C100590,21779,77775,Auto,10,0.78,19245,0.62,0.16,Settled,Mediate,16950
C100591,68932,110816,Liability,15,0.86,10346,0.31,0.04,Won,Mediate,38838
C100592,77936,110093,Travel,11,0.31,21878,0.21,0.6,Settled,Settle,68427
C100593,29466,55400,Liability,13,0.54,2904,0.69,0.58,Settled,Settle,23461
C100594,41939,24494,Home,5,0.84,19653,0.45,0.12,Settled,Mediate,26874
C100595,74896,100688,Travel,1,0.99,18788,0.24,0.67,Settled,Settle,67093
C100596,40270,109431,Medical,12,0.89,27419,0.57,0.13,Won,Mediate,33704
C100597,64163,94691,Travel,11,0.37,11974,0.08,0.25,Settled,Litigate,23312
C100598,87637,117419,Medical,17,0.2,28140,0.33,0.21,Won,Mediate,56720
C100599,56934,63001,Medical,4,0.49,3184,0.45,0.3,Won,Mediate,38050
C100600,69895,87364,Travel,15,0.74,27322,0.18,0.21,Won,Litigate,34119
C100601,37307,65028,Medical,9,0.49,3725,0.89,0.4,Settled,Settle,29502
C100602,59098,117659,Medical,19,0.48,13380,0.23,0.33,Lost,Litigate,19273
C100603,65921,57573,Home,19,0.84,26846,0.16,0.79,Settled,Settle,57442
C100604,10486,20806,Liability,12,0.36,15057,0.22,0.05,Settled,Litigate,5432
C100605,13335,76638,Liability,5,0.86,24195,0.7,0.12,Settled,Mediate,7576
C100606,91900,49757,Home,10,0.41,7606,0.41,0.05,Settled,Mediate,72197
C100607,94112,54636,Travel,17,0.33,5956,0.53,0.5,Lost,Mediate,73491
C100608,16130,100097,Auto,5,0.45,18555,0.07,0.05,Settled,Litigate,8761
C100609,92508,68280,Auto,16,0.76,26849,0.08,0.67,Won,Settle,71657
C100610,65566,44262,Auto,7,0.13,20690,0.43,0.41,Settled,Mediate,47426
C100611,71703,100435,Home,9,0.2,27734,0.74,0.43,Settled,Settle,55357
C100612,32192,82211,Home,3,0.95,28282,0.8,0.45,Lost,Settle,24433
C100613,6062,74842,Medical,15,0.18,18081,0.12,0.14,Won,Litigate,4032
C100614,89076,76979,Auto,16,0.57,28347,0.51,0.17,Settled,Mediate,45795
C100615,94780,101470,Travel,18,0.58,2421,0.83,0.26,Settled,Settle,68591
C100616,26545,58197,Travel,14,0.49,7540,0.38,0.48,Settled,Mediate,13335
C100617,26689,61844,Auto,3,0.64,27785,0.76,0.18,Settled,Settle,19702
C100618,16174,84754,Auto,12,0.23,18288,0.16,0.1,Won,Litigate,5410
C100619,93461,54157,Auto,9,0.55,17966,0.85,0.78,Won,Settle,88689
C100620,14348,97129,Home,7,0.37,17882,0.69,0.03,Settled,Mediate,8624
C100621,28714,60042,Home,9,0.66,6675,0.85,0.64,Lost,Settle,21171
C100622,43102,81665,Home,13,0.14,11082,0.63,0.63,Settled,Settle,32768
C100623,79460,102856,Liability,18,0.57,15009,0.36,0.24,Settled,Mediate,65764
C100624,94930,47376,Travel,5,0.19,29843,0.85,0.12,Settled,Settle,78795
C100625,11801,75554,Travel,13,0.28,8748,0.28,0.13,Won,Litigate,5692
C100626,77267,34199,Medical,4,0.22,8103,0.33,0.56,Settled,Settle,70957
C100627,53136,101412,Home,2,0.18,19857,0.65,0.52,Settled,Settle,42442
C100628,28625,70948,Liability,16,0.83,21627,0.7,0.63,Settled,Settle,22434
C100629,87873,93781,Liability,9,0.29,20565,0.84,0.75,Settled,Settle,66064
C100630,77592,92750,Travel,9,0.93,28025,0.22,0.56,Won,Settle,61642
C100631,82052,86262,Home,6,0.97,21480,0.73,0.13,Settled,Settle,63932
C100632,49261,66600,Medical,11,0.57,25030,0.68,0.2,Settled,Mediate,36308
C100633,6542,96898,Home,1,0.14,29832,0.1,0.68,Won,Settle,5053
C100634,26677,82483,Auto,4,0.37,13348,0.38,0.18,Lost,Mediate,18727
C100635,51732,38297,Home,13,0.8,11782,0.29,0.07,Lost,Litigate,17223
C100636,55343,50448,Auto,13,0.37,7882,0.31,0.57,Settled,Settle,41386
C100637,44081,46172,Auto,13,0.09,24366,0.89,0.33,Settled,Settle,35346
C100638,67856,62874,Medical,2,0.56,7798,0.6,0.74,Settled,Settle,63393
C100639,98105,27657,Travel,9,0.85,11627,0.66,0.52,Settled,Settle,77926
C100640,93858,104386,Home,8,0.8,10415,0.88,0.08,Lost,Settle,81282
C100641,24065,45425,Auto,7,0.18,26795,0.37,0.76,Settled,Settle,18380
C100642,88460,46685,Home,4,0.67,14466,0.73,0.21,Settled,Settle,64731
C100643,93092,44578,Travel,18,0.22,11846,0.42,0.28,Settled,Mediate,48453
C100644,59693,48831,Travel,3,0.22,14720,0.79,0.33,Settled,Settle,46342
C100645,31962,27906,Liability,6,0.87,26840,0.2,0.05,Won,Litigate,12108
C100646,33295,81413,Travel,12,0.25,11145,0.86,0.4,Settled,Settle,24754
C100647,18807,74028,Medical,12,0.26,6524,0.24,0.11,Settled,Litigate,12795
C100648,47348,27287,Auto,8,0.0,8559,0.33,0.33,Settled,Mediate,23936
C100649,31432,53660,Liability,1,0.87,9620,0.69,0.29,Settled,Mediate,21852
C100650,88285,95758,Medical,4,0.79,21158,0.38,0.62,Settled,Settle,70174
C100651,96792,80504,Home,11,0.63,24057,0.57,0.64,Won,Settle,80011
C100652,62854,79720,Auto,3,0.75,5124,0.43,0.13,Settled,Mediate,43808
C100653,45262,54701,Travel,13,0.15,10671,0.68,0.3,Won,Mediate,27595
C100654,42080,103300,Auto,17,0.46,13706,0.24,0.3,Lost,Litigate,18833
C100655,6324,37674,Home,10,0.35,19737,0.1,0.13,Lost,Litigate,4216
C100656,96267,103560,Liability,12,0.09,29898,0.3,0.64,Lost,Settle,88355
C100657,40909,43874,Liability,15,0.49,14070,0.45,0.57,Settled,Settle,30605
C100658,94339,63642,Liability,10,0.92,27465,0.19,0.16,Settled,Litigate,32906
C100659,24870,117820,Travel,14,0.04,22238,0.35,0.3,Settled,Mediate,20249
C100660,39578,85160,Medical,13,0.29,10134,0.39,0.09,Lost,Mediate,24635
C100661,77124,37602,Medical,5,0.21,2924,0.1,0.51,Lost,Settle,64616
C100662,31790,108801,Auto,6,0.24,20554,0.55,0.11,Lost,Mediate,19895
C100663,30289,45931,Travel,2,0.91,28478,0.8,0.79,Settled,Settle,22154
C100664,60129,114377,Liability,17,0.47,7506,0.18,0.63,Lost,Settle,50949
C100665,98714,49192,Liability,4,0.47,15650,0.56,0.32,Settled,Mediate,67500
C100666,99246,66542,Home,14,0.76,4395,0.62,0.47,Settled,Mediate,56674
C100667,20485,62520,Home,10,0.15,26604,0.41,0.73,Settled,Settle,16653
C100668,49482,84772,Liability,3,0.49,17310,0.65,0.45,Settled,Mediate,38543
C100669,91188,78762,Liability,3,0.43,10226,0.4,0.15,Settled,Mediate,64437
C100670,9748,70106,Travel,15,0.6,13781,0.48,0.31,Settled,Mediate,5204
C100671,91769,101121,Medical,6,1.0,7515,0.06,0.68,Settled,Settle,76811
C100672,14435,45559,Home,17,0.77,21054,0.64,0.52,Won,Settle,12640
C100673,8709,53742,Medical,12,0.4,5365,0.61,0.52,Lost,Settle,7822
C100674,35355,89669,Travel,11,0.83,18972,0.08,0.69,Won,Settle,30309
C100675,60771,100199,Liability,4,0.17,13410,0.36,0.72,Settled,Settle,44858
C100676,62799,41754,Medical,6,0.03,21522,0.88,0.74,Won,Settle,55108
C100677,18116,23972,Liability,1,0.2,11095,0.41,0.08,Lost,Mediate,13352
C100678,30470,90831,Liability,16,0.34,25047,0.48,0.44,Settled,Mediate,15495
C100679,47344,61873,Auto,15,0.51,22470,0.82,0.6,Settled,Settle,38014
C100680,47918,114661,Medical,17,0.62,12361,0.66,0.61,Settled,Settle,37531
C100681,57224,29903,Medical,8,0.91,10531,0.54,0.49,Settled,Mediate,42019
C100682,44298,23020,Liability,12,0.51,6270,0.73,0.14,Won,Settle,33402
C100683,85219,61755,Travel,10,0.5,24403,0.78,0.64,Lost,Settle,72241
C100684,66629,105956,Auto,15,0.05,11906,0.44,0.58,Settled,Settle,61851
C100685,71040,106988,Liability,9,0.03,18940,0.45,0.08,Won,Mediate,55356
C100686,33016,65648,Home,2,0.55,26406,0.38,0.38,Lost,Mediate,27155
C100687,28960,29516,Home,5,0.44,13279,0.87,0.15,Lost,Settle,27356
C100688,38591,22396,Auto,6,0.84,7452,0.64,0.28,Settled,Mediate,19439
C100689,87848,104082,Travel,7,0.16,29842,0.12,0.02,Lost,Litigate,53707
C100690,72641,39129,Liability,1,0.02,21951,0.78,0.33,Settled,Settle,58345
C100691,41395,21591,Medical,7,0.45,28632,0.46,0.44,Settled,Mediate,33155
C100692,27700,31303,Auto,12,0.24,22283,0.11,0.5,Settled,Litigate,11797
C100693,39620,50561,Travel,16,0.05,8477,0.52,0.53,Settled,Settle,37451
C100694,25559,91719,Medical,16,0.72,25884,0.4,0.67,Won,Settle,21812
C100695,98045,112108,Home,11,0.11,19400,0.8,0.18,Settled,Settle,88082
C100696,98396,119616,Home,4,0.61,8470,0.22,0.11,Settled,Litigate,33730
C100697,66642,106231,Medical,13,0.28,4062,0.75,0.68,Settled,Settle,49705
C100698,81539,27314,Auto,7,0.17,11030,0.52,0.13,Won,Mediate,62413
C100699,26732,39623,Home,4,0.38,28213,0.1,0.78,Settled,Settle,18859
C100700,96362,87675,Liability,15,0.8,22705,0.88,0.68,Won,Settle,87132
C100701,35354,116826,Medical,19,0.39,21880,0.49,0.41,Settled,Mediate,17849
C100702,18843,85082,Medical,9,0.75,3813,0.3,0.79,Settled,Settle,16285
C100703,76726,103624,Home,11,0.13,13671,0.45,0.09,Settled,Mediate,48167
C100704,22640,53130,Auto,8,0.77,24640,0.78,0.25,Settled,Settle,19309
C100705,57528,71756,Liability,1,0.24,16308,0.31,0.51,Settled,Settle,50279
C100706,43413,117624,Auto,8,0.68,28027,0.21,0.29,Settled,Litigate,20457
C100707,57638,46292,Travel,13,0.57,4313,0.16,0.74,Lost,Settle,41902
C100708,57736,106206,Travel,4,0.93,11706,0.3,0.06,Won,Mediate,30275
C100709,73866,89274,Home,8,0.39,19615,0.71,0.44,Settled,Settle,62581
C100710,24087,22469,Home,3,0.07,11837,0.45,0.48,Settled,Mediate,16432
C100711,46430,73947,Home,9,0.02,7831,0.24,0.53,Lost,Settle,41116
C100712,29504,42534,Travel,2,0.83,21383,0.19,0.21,Settled,Litigate,16370
C100713,12114,83620,Auto,2,0.52,21824,0.33,0.3,Settled,Mediate,7848
C100714,83859,68874,Auto,13,0.78,6056,0.85,0.68,Won,Settle,67047
C100715,15975,69708,Home,15,0.23,2305,0.34,0.16,Won,Mediate,8135
C100716,16023,94553,Liability,12,0.35,16347,0.89,0.66,Settled,Settle,12560
C100717,26447,88344,Auto,4,0.03,28299,0.46,0.45,Settled,Mediate,22257
C100718,95469,69138,Travel,8,0.96,3689,0.2,0.61,Settled,Settle,87677
C100719,28959,74302,Medical,9,0.67,28093,0.81,0.57,Won,Settle,22655
C100720,71203,67638,Medical,5,0.93,5917,0.44,0.17,Settled,Mediate,50249
C100721,34703,98249,Medical,18,0.27,25464,0.65,0.46,Settled,Mediate,27642
C100722,14337,22719,Liability,11,0.61,26995,0.89,0.7,Settled,Settle,11617
C100723,51427,42890,Home,15,0.68,4936,0.09,0.35,Settled,Litigate,15889
C100724,66529,97236,Travel,9,0.32,5862,0.13,0.77,Lost,Settle,47809
C100725,89665,56509,Liability,17,0.85,16506,0.66,0.37,Won,Mediate,60850
C100726,36921,62534,Travel,12,0.95,16318,0.29,0.12,Won,Litigate,28972
C100727,38307,112241,Travel,7,0.88,17300,0.21,0.32,Settled,Litigate,24769
C100728,32355,38787,Home,10,0.74,28026,0.08,0.76,Settled,Settle,23222
C100729,9835,68845,Medical,10,0.28,29672,0.07,0.26,Settled,Litigate,3881
C100730,25159,77932,Home,13,0.28,7649,0.71,0.7,Settled,Settle,22462
C100731,52605,112124,Liability,19,0.96,21645,0.16,0.71,Lost,Settle,47889
C100732,43088,111659,Liability,11,0.01,27740,0.45,0.29,Settled,Mediate,30859
C100733,83752,53062,Liability,13,0.72,28445,0.57,0.08,Settled,Mediate,60766
C100734,60284,95713,Home,8,0.71,20203,0.41,0.58,Settled,Settle,42625
C100735,62043,107263,Travel,8,0.62,29281,0.07,0.26,Won,Litigate,44315
C100736,40547,115756,Travel,4,0.99,17674,0.72,0.63,Settled,Settle,36373
C100737,87844,80461,Auto,15,0.31,19726,0.06,0.36,Settled,Litigate,37730
C100738,32532,95418,Liability,11,0.34,7560,0.7,0.39,Settled,Mediate,24335
C100739,39349,86672,Travel,11,0.08,17451,0.81,0.62,Lost,Settle,29657
C100740,50445,54832,Auto,1,0.44,20610,0.42,0.31,Settled,Mediate,25934
C100741,10713,51966,Travel,17,0.26,3079,0.51,0.36,Lost,Mediate,6110
C100742,61178,92545,Liability,15,0.34,15983,0.46,0.31,Won,Mediate,34413
C100743,54407,32987,Medical,6,0.83,22590,0.38,0.3,Settled,Mediate,33635
C100744,75340,57311,Liability,15,0.94,24664,0.8,0.43,Won,Settle,60619
C100745,55990,51575,Home,9,0.19,17327,0.81,0.65,Settled,Settle,46311
C100746,80672,83852,Travel,14,0.37,14755,0.34,0.3,Lost,Mediate,53797
C100747,70545,21007,Travel,18,0.93,29355,0.57,0.42,Settled,Mediate,41955
C100748,89791,90981,Home,17,0.06,29104,0.84,0.54,Settled,Settle,63508
C100749,63141,96242,Home,18,0.09,9235,0.87,0.22,Settled,Settle,53750
C100750,28793,67517,Medical,5,0.16,19197,0.48,0.23,Settled,Mediate,18384
C100751,61570,49257,Travel,9,0.6,23473,0.43,0.75,Lost,Settle,47696
C100752,42892,107272,Travel,11,0.15,4031,0.29,0.58,Settled,Settle,39320
C100753,6015,62207,Medical,1,0.97,10514,0.87,0.47,Won,Settle,5333
C100754,66813,33281,Auto,18,0.45,29545,0.17,0.52,Settled,Settle,61096
C100755,32712,81246,Medical,6,0.5,11095,0.54,0.03,Lost,Mediate,22023
C100756,13415,21435,Liability,2,0.25,28117,0.29,0.5,Settled,Litigate,4902
C100757,67292,118875,Travel,15,0.47,16287,0.29,0.41,Settled,Litigate,43612
C100758,28833,111357,Home,14,0.66,7911,0.39,0.44,Settled,Mediate,16496
C100759,9158,46660,Liability,5,0.75,13695,0.9,0.29,Won,Settle,7420
C100760,67680,25084,Travel,6,0.75,21037,0.1,0.07,Settled,Litigate,22503
C100761,25309,102197,Medical,6,0.58,29052,0.54,0.16,Settled,Mediate,19965
C100762,11970,33507,Liability,18,0.9,5340,0.12,0.76,Settled,Settle,8755
C100763,77474,92595,Travel,14,0.82,9876,0.18,0.33,Won,Litigate,58225
C100764,91704,103807,Auto,10,0.76,17896,0.42,0.38,Settled,Mediate,73590
C100765,51540,65539,Auto,14,0.06,14435,0.48,0.05,Settled,Mediate,34150
C100766,25384,27491,Home,13,0.01,3141,0.27,0.04,Settled,Litigate,17062
C100767,23017,70192,Travel,3,0.21,27425,0.32,0.58,Lost,Settle,19676
C100768,80880,100395,Auto,6,0.66,26942,0.12,0.44,Lost,Litigate,56740
C100769,13702,83888,Medical,8,0.41,21281,0.31,0.41,Settled,Mediate,8921
C100770,5384,93609,Travel,12,0.4,11281,0.87,0.2,Settled,Settle,4826
C100771,5404,29077,Medical,13,0.88,22425,0.85,0.6,Settled,Settle,4407
C100772,45943,40953,Medical,11,0.9,4038,0.33,0.14,Settled,Mediate,38102
C100773,52926,96919,Auto,12,0.91,29436,0.54,0.16,Settled,Mediate,35472
C100774,34189,87889,Travel,1,0.31,6270,0.82,0.37,Won,Settle,27886
C100775,17763,43821,Liability,17,0.69,12046,0.06,0.24,Settled,Litigate,12301
C100776,23384,57567,Auto,16,0.27,6683,0.74,0.21,Lost,Settle,21171
C100777,65100,44860,Auto,11,0.19,18878,0.86,0.52,Settled,Settle,54594
C100778,14860,41195,Travel,13,0.18,9116,0.13,0.52,Won,Settle,11069
C100779,85642,97475,Travel,18,0.34,29758,0.19,0.66,Settled,Settle,69964
C100780,55612,110874,Medical,11,0.43,3784,0.87,0.34,Settled,Settle,52387
C100781,28574,107266,Travel,12,0.83,21894,0.51,0.07,Settled,Mediate,21817
C100782,28524,41427,Medical,6,0.12,5786,0.06,0.23,Settled,Litigate,20126
C100783,74172,47083,Auto,9,0.73,23650,0.27,0.78,Settled,Settle,52529
C100784,15916,107046,Home,16,0.53,11190,0.43,0.48,Won,Mediate,10564
C100785,9809,77372,Liability,4,0.29,7428,0.64,0.57,Lost,Settle,8451
C100786,37201,64064,Auto,3,0.49,8681,0.67,0.02,Settled,Mediate,29407
C100787,58330,27813,Travel,16,0.3,8893,0.9,0.42,Settled,Settle,41549
C100788,18456,51598,Liability,12,0.6,14661,0.29,0.04,Settled,Litigate,13403
C100789,61397,113106,Home,11,0.43,16892,0.51,0.46,Settled,Mediate,42483
C100790,43765,47082,Home,5,0.16,11643,0.5,0.74,Settled,Settle,32794
C100791,39816,49241,Medical,18,0.12,11943,0.39,0.78,Won,Settle,31029
C100792,50106,116214,Liability,19,0.55,12472,0.19,0.44,Lost,Litigate,22094
C100793,58932,64569,Medical,6,0.9,14992,0.88,0.37,Lost,Settle,49073
C100794,22100,31745,Auto,18,0.34,23042,0.78,0.76,Settled,Settle,15755
C100795,62091,46029,Liability,6,0.73,25466,0.47,0.54,Lost,Settle,45924
C100796,26949,33025,Auto,4,0.66,13126,0.56,0.06,Won,Mediate,21139
C100797,75080,34288,Medical,12,0.93,8869,0.24,0.38,Settled,Litigate,27501
C100798,42744,109186,Liability,19,0.82,25991,0.51,0.2,Settled,Mediate,24863
C100799,50543,26540,Medical,2,0.57,9669,0.64,0.38,Won,Mediate,33291
C100800,97193,117768,Liability,17,0.66,13538,0.49,0.37,Settled,Mediate,66187
C100801,41187,101958,Medical,11,0.9,12065,0.89,0.47,Settled,Settle,36693
C100802,12239,88878,Home,11,0.4,24603,0.57,0.29,Settled,Mediate,8035
C100803,19489,61846,Medical,16,0.33,22918,0.37,0.14,Settled,Mediate,15132
C100804,63017,95932,Home,2,0.01,24363,0.71,0.41,Settled,Settle,53853
C100805,66877,37482,Medical,2,0.83,12171,0.19,0.67,Lost,Settle,48704
C100806,48125,43411,Liability,8,0.8,27274,0.38,0.53,Won,Settle,35568
C100807,54922,70975,Liability,13,0.1,19696,0.34,0.28,Won,Mediate,35861
C100808,99074,80545,Liability,10,0.58,4962,0.42,0.75,Settled,Settle,79182
C100809,37049,98797,Travel,8,0.46,15851,0.71,0.73,Won,Settle,32821
C100810,42131,72307,Auto,4,0.12,21322,0.46,0.18,Settled,Mediate,29628
C100811,47944,23093,Liability,15,0.98,14979,0.72,0.04,Settled,Settle,38212
C100812,78963,97258,Home,1,0.21,28876,0.54,0.6,Settled,Settle,58645
C100813,29285,42042,Liability,11,0.07,21581,0.34,0.66,Settled,Settle,22160
C100814,42626,72930,Travel,7,0.59,7296,0.74,0.77,Settled,Settle,35971
C100815,47808,64413,Home,17,0.74,25588,0.25,0.71,Settled,Settle,38526
C100816,93464,113623,Travel,18,0.03,16745,0.24,0.48,Settled,Litigate,52102
C100817,58871,117883,Home,12,0.66,7730,0.48,0.43,Settled,Mediate,32952
C100818,24198,53756,Medical,9,0.53,15921,0.27,0.03,Lost,Litigate,15279
C100819,24758,73268,Auto,5,0.1,2126,0.06,0.2,Settled,Litigate,17980
C100820,20254,59214,Auto,10,0.17,7602,0.6,0.37,Won,Mediate,11955
C100821,49238,101871,Travel,4,0.57,19575,0.48,0.51,Settled,Settle,40516
C100822,6252,48602,Auto,5,0.3,21023,0.43,0.45,Settled,Mediate,5260
C100823,44764,73331,Travel,10,0.94,14581,0.87,0.6,Lost,Settle,35064
C100824,82709,68901,Travel,11,0.82,17997,0.54,0.23,Settled,Mediate,58579
C100825,42441,119986,Travel,10,0.98,19750,0.78,0.46,Settled,Settle,30665
C100826,97234,83416,Auto,8,0.26,11211,0.17,0.08,Won,Litigate,58632
C100827,58682,52196,Travel,2,0.97,24837,0.53,0.34,Settled,Mediate,31181
C100828,64494,25626,Auto,8,0.43,16997,0.79,0.6,Won,Settle,60612
C100829,86317,27424,Travel,16,0.35,8671,0.55,0.56,Settled,Settle,75865
C100830,70215,32857,Liability,5,0.05,25067,0.66,0.79,Settled,Settle,62985
C100831,83587,39982,Travel,3,0.05,14271,0.37,0.23,Settled,Mediate,62392
C100832,11949,96961,Home,12,0.69,22923,0.13,0.4,Settled,Litigate,7108
C100833,60393,21980,Travel,13,0.46,10876,0.44,0.27,Lost,Mediate,39706
C100834,78553,68290,Medical,13,0.23,4887,0.39,0.36,Won,Mediate,62876
C100835,11941,46431,Travel,10,0.61,11654,0.79,0.69,Settled,Settle,11215
C100836,30934,104976,Home,4,0.25,6086,0.26,0.55,Settled,Settle,25513
C100837,28386,102711,Home,9,0.58,20645,0.87,0.71,Won,Settle,26480
C100838,66886,46385,Auto,2,0.36,6180,0.86,0.17,Settled,Settle,56574
C100839,80745,58158,Liability,19,0.82,4841,0.26,0.7,Settled,Settle,67389
C100840,88251,43019,Travel,1,0.82,28343,0.35,0.06,Settled,Mediate,58163
C100841,99456,38639,Auto,7,0.48,8040,0.81,0.71,Settled,Settle,74822
C100842,58413,105530,Liability,17,0.35,21944,0.87,0.27,Won,Settle,40943
C100843,61800,119911,Travel,3,0.36,12304,0.43,0.26,Lost,Mediate,36123
C100844,47318,41563,Medical,3,0.81,6758,0.32,0.41,Settled,Mediate,32100
C100845,75173,59341,Travel,3,0.33,19010,0.5,0.75,Settled,Settle,59761
C100846,75390,25776,Home,17,0.21,29990,0.63,0.05,Settled,Mediate,49528
C100847,57329,56444,Home,7,0.08,18234,0.28,0.29,Settled,Litigate,45308
C100848,48088,88916,Medical,14,0.47,7014,0.68,0.69,Settled,Settle,37872
C100849,44811,28711,Auto,17,0.48,3375,0.09,0.32,Won,Litigate,23574
C100850,60479,94318,Liability,18,0.84,3181,0.09,0.17,Settled,Litigate,22181
C100851,90392,102970,Travel,13,0.22,24092,0.38,0.35,Settled,Mediate,46713
C100852,92369,105553,Home,18,0.38,2490,0.35,0.31,Settled,Mediate,71252
C100853,24963,50707,Auto,4,0.81,5729,0.32,0.73,Settled,Settle,21035
C100854,60123,59110,Medical,1,0.82,7974,0.47,0.61,Settled,Settle,53520
C100855,97705,81788,Home,18,0.38,21918,0.32,0.41,Won,Mediate,53977
C100856,78477,102879,Medical,1,0.46,21680,0.21,0.79,Settled,Settle,66152
C100857,19388,58827,Travel,13,0.3,20324,0.31,0.38,Won,Mediate,11415
C100858,10569,25655,Liability,10,0.93,23398,0.88,0.06,Settled,Settle,8000
C100859,74836,64859,Home,11,0.12,3882,0.4,0.22,Settled,Mediate,37719
C100860,41586,73625,Home,9,0.93,23292,0.43,0.35,Settled,Mediate,22690
C100861,17015,72098,Travel,9,0.68,4987,0.54,0.13,Settled,Mediate,10349
C100862,50002,35251,Auto,5,0.53,7585,0.89,0.76,Settled,Settle,36462
C100863,11254,20526,Liability,1,0.03,5159,0.26,0.62,Settled,Settle,10651
C100864,22144,88760,Home,17,0.48,6530,0.63,0.22,Won,Mediate,13464
C100865,29214,67837,Liability,2,0.41,19065,0.66,0.48,Won,Mediate,15939
C100866,85719,31536,Home,13,0.16,23638,0.57,0.58,Settled,Settle,64269
C100867,76774,48541,Liability,9,0.66,3073,0.13,0.75,Settled,Settle,65021
C100868,11090,99083,Medical,4,0.97,15743,0.63,0.71,Settled,Settle,7940
C100869,16637,71027,Home,5,0.56,20771,0.1,0.42,Settled,Litigate,12165
C100870,27415,54531,Liability,11,0.71,28970,0.56,0.62,Settled,Settle,25780
C100871,29071,28712,Auto,19,0.07,4693,0.68,0.45,Lost,Mediate,17046
C100872,63243,85455,Medical,3,0.42,11562,0.23,0.45,Settled,Litigate,33205
C100873,46240,94744,Medical,12,0.12,6340,0.77,0.1,Settled,Settle,32623
C100874,88807,25109,Auto,19,0.61,4156,0.08,0.11,Settled,Litigate,55091
C100875,38434,69268,Liability,19,0.94,18184,0.77,0.43,Settled,Settle,30881
C100876,74724,74615,Travel,13,0.66,9966,0.44,0.22,Won,Mediate,44424
C100877,80697,102503,Auto,7,0.08,4580,0.23,0.03,Settled,Litigate,32554
C100878,33732,49759,Liability,15,0.35,9257,0.16,0.58,Settled,Settle,29127
C100879,16314,105708,Auto,7,0.55,4159,0.86,0.04,Won,Settle,13117
C100880,28954,80112,Auto,8,0.4,18172,0.11,0.48,Settled,Litigate,11287
C100881,62108,46589,Home,5,0.83,15900,0.22,0.44,Won,Litigate,40031
C100882,92044,50015,Liability,14,0.81,13440,0.35,0.78,Settled,Settle,77433
C100883,92505,49009,Travel,4,0.61,16678,0.58,0.39,Settled,Mediate,74053
C100884,41668,103309,Home,10,0.37,16436,0.51,0.06,Won,Mediate,22547
C100885,28061,82046,Auto,15,0.26,14021,0.16,0.45,Settled,Litigate,19441
C100886,84252,46143,Auto,18,0.11,8772,0.3,0.67,Settled,Settle,73162
C100887,44749,26154,Auto,13,0.35,3627,0.25,0.8,Settled,Settle,32610
C100888,21907,41804,Liability,8,0.41,13664,0.23,0.35,Settled,Litigate,14182
C100889,23777,61688,Liability,9,0.68,10219,0.4,0.26,Won,Mediate,15563
C100890,98229,84288,Home,16,0.66,25464,0.65,0.73,Lost,Settle,91966
C100891,56745,71195,Travel,19,0.07,20369,0.23,0.16,Lost,Litigate,21041
C100892,96865,40581,Home,16,0.4,11713,0.36,0.5,Won,Mediate,70226
C100893,86818,72648,Medical,7,0.18,10488,0.38,0.33,Settled,Mediate,55015
C100894,28624,50087,Auto,14,0.16,4181,0.88,0.04,Settled,Settle,26883
C100895,28321,69930,Auto,14,0.83,13594,0.86,0.28,Settled,Settle,22161
C100896,15488,52981,Auto,4,0.04,20680,0.73,0.22,Settled,Settle,14567
C100897,27574,89298,Home,15,0.42,9164,0.26,0.55,Settled,Settle,25516
C100898,10240,66167,Home,3,0.17,20981,0.11,0.76,Lost,Settle,7860
C100899,48221,95304,Auto,5,0.88,2901,0.32,0.22,Settled,Mediate,37672
C100900,15478,63408,Home,1,0.56,24444,0.28,0.65,Settled,Settle,14687
C100901,60645,59499,Liability,3,0.23,11290,0.48,0.05,Settled,Mediate,35685
C100902,24262,72269,Liability,15,0.5,20061,0.71,0.44,Won,Settle,19632
C100903,57796,58559,Home,8,0.73,4881,0.78,0.07,Won,Settle,47973
C100904,9432,94319,Auto,4,0.96,15058,0.77,0.75,Won,Settle,7297
C100905,69291,115317,Home,2,0.22,7622,0.36,0.62,Settled,Settle,48768
C100906,84104,116347,Home,10,0.89,26436,0.63,0.53,Won,Settle,63501
C100907,64399,68787,Home,4,0.93,3378,0.32,0.66,Settled,Settle,49618
C100908,84714,55488,Medical,3,0.92,19632,0.1,0.52,Lost,Settle,68694
C100909,55428,94441,Liability,2,0.64,7650,0.65,0.78,Settled,Settle,41170
C100910,92731,94663,Travel,17,0.63,14433,0.06,0.57,Settled,Settle,85156
C100911,5302,42431,Travel,13,0.4,24463,0.4,0.74,Settled,Settle,4645
C100912,87558,81681,Medical,5,0.75,11456,0.33,0.42,Won,Mediate,46389
C100913,5055,83483,Home,9,0.53,28483,0.64,0.1,Settled,Mediate,3677
C100914,13717,69153,Medical,6,0.68,9036,0.7,0.43,Lost,Mediate,9996
C100915,33699,26368,Medical,5,0.43,8487,0.31,0.11,Settled,Mediate,28127
C100916,78686,47424,Auto,10,0.73,19442,0.74,0.48,Settled,Settle,55139
C100917,72661,65004,Liability,8,0.82,29325,0.3,0.39,Settled,Mediate,42635
C100918,49247,103869,Travel,7,0.15,20432,0.43,0.5,Settled,Mediate,40615
C100919,21748,108652,Home,7,0.83,24499,0.67,0.02,Settled,Mediate,17969
C100920,9621,76985,Travel,6,0.54,6248,0.64,0.16,Settled,Mediate,7236
C100921,20034,70069,Travel,3,0.84,20860,0.89,0.4,Won,Settle,17859
C100922,10126,72326,Liability,19,0.43,6603,0.24,0.76,Settled,Settle,7319
C100923,10122,101061,Travel,15,0.38,29773,0.61,0.31,Lost,Mediate,6881
C100924,23030,43398,Travel,4,0.92,21937,0.57,0.35,Settled,Mediate,13381
C100925,87838,118393,Medical,12,0.25,14632,0.83,0.57,Won,Settle,65466
C100926,89717,70861,Liability,6,0.84,28337,0.18,0.49,Settled,Litigate,63264
C100927,60658,95897,Auto,19,0.48,2220,0.69,0.25,Settled,Mediate,33195
C100928,43638,101905,Home,4,0.51,16226,0.53,0.33,Settled,Mediate,28976
C100929,72067,88577,Travel,15,0.31,6818,0.28,0.18,Settled,Litigate,55440
C100930,93869,85641,Home,9,0.57,25576,0.45,0.77,Lost,Settle,70069
C100931,39674,29078,Auto,5,0.33,23007,0.33,0.11,Settled,Mediate,33417
C100932,40854,45003,Home,13,0.04,9349,0.54,0.3,Settled,Mediate,34644
C100933,51271,82768,Auto,18,0.27,7618,0.81,0.03,Lost,Settle,43011
C100934,78688,71047,Medical,5,0.01,29464,0.53,0.19,Settled,Mediate,44029
C100935,43518,91626,Travel,16,0.98,11856,0.59,0.63,Won,Settle,33901
C100936,15267,77660,Auto,19,0.97,25593,0.49,0.17,Settled,Mediate,9901
C100937,95825,69786,Home,14,0.4,6576,0.09,0.07,Won,Litigate,43567
C100938,6062,21925,Travel,16,0.73,29553,0.25,0.38,Settled,Litigate,2669
C100939,55448,103976,Medical,15,0.35,20255,0.47,0.02,Settled,Mediate,46591
C100940,11229,46015,Travel,4,0.67,26299,0.31,0.08,Settled,Mediate,6217
C100941,61793,53320,Auto,7,0.81,17207,0.2,0.65,Lost,Settle,54583
C100942,52915,84881,Medical,16,0.95,3462,0.48,0.62,Settled,Settle,37045
C100943,9632,110827,Home,8,0.4,23905,0.32,0.73,Settled,Settle,8178
C100944,8596,46289,Medical,17,0.78,17905,0.27,0.69,Won,Settle,7985
C100945,11168,23389,Medical,16,0.27,26920,0.44,0.55,Lost,Settle,8621
C100946,12561,45683,Liability,10,0.99,18252,0.16,0.05,Won,Litigate,4933
C100947,78794,33629,Medical,10,0.03,10236,0.84,0.63,Lost,Settle,67992
C100948,87152,81550,Medical,2,0.6,9813,0.79,0.68,Settled,Settle,76532
C100949,31734,44826,Travel,9,0.66,4068,0.65,0.64,Settled,Settle,27672
C100950,11371,46630,Home,17,0.69,7753,0.14,0.41,Won,Litigate,5226
C100951,31069,118762,Travel,11,0.12,9237,0.71,0.19,Won,Settle,23707
C100952,84905,66163,Travel,10,0.94,16175,0.74,0.68,Settled,Settle,79724
C100953,17910,118511,Auto,17,0.18,25400,0.7,0.58,Settled,Settle,16671
C100954,78479,86435,Travel,4,0.62,8191,0.15,0.78,Won,Settle,63907
C100955,82735,31653,Liability,16,0.22,19898,0.6,0.13,Settled,Mediate,65870
C100956,86264,47961,Liability,15,0.31,20982,0.76,0.19,Settled,Settle,70139
C100957,28275,101941,Auto,5,0.55,16622,0.54,0.18,Settled,Mediate,18337
C100958,77274,94137,Home,6,0.42,3001,0.6,0.64,Settled,Settle,57120
C100959,86449,53662,Home,17,0.16,19417,0.44,0.16,Won,Mediate,56126
C100960,65004,118818,Travel,1,0.17,16877,0.5,0.06,Settled,Mediate,44728
C100961,67981,76446,Travel,19,0.42,12232,0.08,0.8,Won,Settle,47969
C100962,89659,41288,Travel,4,0.76,25283,0.59,0.03,Settled,Mediate,58766
C100963,59553,115081,Home,17,0.9,26849,0.12,0.67,Settled,Settle,53320
C100964,53447,56877,Medical,9,0.08,23435,0.42,0.3,Won,Mediate,39444
C100965,39529,35313,Liability,2,0.39,29223,0.3,0.67,Settled,Settle,33947
C100966,80703,100885,Medical,8,0.1,28355,0.51,0.45,Settled,Mediate,66042
C100967,81090,92715,Medical,15,0.02,6476,0.16,0.72,Settled,Settle,57128
C100968,22260,30326,Home,7,0.66,18862,0.64,0.74,Settled,Settle,18681
C100969,8812,21560,Medical,6,0.6,2515,0.73,0.02,Settled,Settle,7902
C100970,33024,99148,Auto,1,0.16,14478,0.19,0.07,Won,Litigate,18845
C100971,63656,103186,Travel,15,0.23,3191,0.14,0.21,Won,Litigate,29405
C100972,32285,46745,Auto,7,0.02,12860,0.17,0.54,Won,Settle,23699
C100973,97436,51890,Liability,17,0.83,15448,0.8,0.71,Settled,Settle,89825
C100974,6605,40022,Travel,2,0.97,8297,0.5,0.37,Settled,Mediate,4390
C100975,76158,72579,Medical,9,0.14,27987,0.45,0.49,Settled,Mediate,61485
C100976,77303,90316,Liability,9,0.23,29856,0.14,0.16,Settled,Litigate,45834
C100977,32139,103847,Travel,13,0.87,18655,0.6,0.65,Settled,Settle,27914
C100978,82149,48380,Medical,6,0.93,10334,0.79,0.77,Settled,Settle,74021
C100979,61138,22356,Auto,6,0.42,26162,0.75,0.22,Lost,Settle,52871
C100980,81125,90326,Travel,3,0.05,8008,0.58,0.4,Settled,Mediate,51864
C100981,18918,112447,Medical,17,0.04,9987,0.11,0.08,Settled,Litigate,10533
C100982,90655,109899,Auto,17,0.57,5332,0.15,0.45,Won,Litigate,63596
C100983,32446,40049,Liability,12,0.39,2787,0.09,0.41,Settled,Litigate,15795
C100984,18046,95717,Liability,16,0.03,8222,0.27,0.12,Won,Litigate,8915
C100985,29818,36082,Liability,15,0.58,11873,0.17,0.36,Won,Litigate,10372
C100986,9324,20661,Liability,13,0.01,19006,0.27,0.27,Lost,Litigate,7060
C100987,81323,57412,Home,1,0.79,22225,0.38,0.42,Settled,Mediate,43252
C100988,14111,22920,Travel,17,0.31,5676,0.85,0.47,Won,Settle,12164
C100989,43110,111194,Travel,3,0.04,4572,0.57,0.02,Settled,Mediate,27789
C100990,21389,80315,Home,15,0.59,8915,0.76,0.61,Won,Settle,17141
C100991,46427,99561,Medical,4,0.4,7033,0.65,0.57,Settled,Settle,40386
C100992,84579,28946,Medical,4,0.97,9788,0.15,0.3,Settled,Litigate,28211
C100993,33746,114242,Liability,18,0.54,17689,0.68,0.05,Settled,Mediate,23885
C100994,92886,65500,Auto,17,0.28,13452,0.28,0.61,Settled,Settle,82947
C100995,5117,36309,Medical,19,0.71,23598,0.59,0.76,Won,Settle,4641
C100996,89471,75230,Auto,11,0.27,6712,0.34,0.2,Won,Mediate,50075
C100997,18234,118656,Travel,3,0.9,2066,0.9,0.27,Won,Settle,16854
C100998,58441,50027,Auto,8,0.37,17855,0.27,0.16,Settled,Litigate,36705
C100999,5846,92541,Travel,14,0.55,14478,0.29,0.47,Won,Litigate,4331
